Type,Name,Request Count,Failure Count,Median Response Time,Average Response Time,Min Response Time,Max Response Time,Average Content Size,Requests/s,Failures/s,50%,66%,75%,80%,90%,95%,98%,99%,99.9%,99.99%,100%
GET,/,1163731,311994,2500.0,2328.092632588857,0.38350099930539727,123893.2351990079,2.520959740696089,85.35425073997291,22.883307315322106,2500,2600,2600,2600,3600,4600,5700,7700,44000,111000,124000
GET,/404-generator,231466,231466,2500.0,2333.35743386004,0.39257301250472665,117273.11488799751,7.478679374076538,16.976953438362106,16.976953438362106,2500,2600,2600,2600,3600,4600,5800,7700,44000,111000,117000
GET,/slow,465051,118997,2800.0,2522.7382481801346,0.3996559971710667,123905.1179800008,5.952929893710582,34.10932566106355,8.727875922618335,2800,2900,2900,2900,3900,4800,6000,8100,46000,111000,124000
,Aggregated,1860248,662457,2500.0,2377.407971547661,0.38350099930539727,123905.1179800008,3.995808623366347,136.44052983939858,48.58813667630255,2500,2600,2700,2800,3600,4600,5800,7800,45000,111000,124000
