Type,Name,Request Count,Failure Count,Median Response Time,Average Response Time,Min Response Time,Max Response Time,Average Content Size,Requests/s,Failures/s,50%,66%,75%,80%,90%,95%,98%,99%,99.9%,99.99%,100%
GET,/,1310595,313990,2500.0,2479.4529418372836,0.395333998312708,180279.57750600035,2.619061571271064,80.41751111182357,19.266283111107157,2500,2600,2600,2700,3700,4800,6400,9800,58000,109000,180000
GET,/404-generator,262832,262832,2500.0,2489.8130490209087,0.46561099952668883,122727.91509400122,7.774662141596153,16.127251576988172,16.127251576988172,2500,2600,2600,2700,3700,4800,6500,9800,62000,113000,123000
GET,/slow,524806,118372,2800.0,2680.1636508990714,0.4388529996504076,122502.53135299863,6.19550843549807,32.20185666552343,7.263251901105055,2800,2900,2900,3000,4000,5000,6700,10000,62000,109000,123000
,Aggregated,2098233,695194,2600.0,2530.9520613682103,0.395333998312708,180279.57750600035,4.159404127187019,128.74661935433517,42.65678658920038,2600,2600,2800,2900,3800,4900,6500,9800,59000,109000,180000
