Type,Name,Request Count,Failure Count,Median Response Time,Average Response Time,Min Response Time,Max Response Time,Average Content Size,Requests/s,Failures/s,50%,66%,75%,80%,90%,95%,98%,99%,99.9%,99.99%,100%
GET,/,1540641,374433,2500.0,2354.848111975343,0.38350099930539727,123893.2351990079,2.6071330050284263,85.14100024860853,20.69242616942379,2500,2600,2600,2600,3600,4500,5600,7000,41000,110000,124000
GET,/404-generator,306689,306689,2500.0,2358.974691926486,0.36893000651616603,117273.11488799751,7.729100163357669,16.94866502010884,16.94866502010884,2500,2600,2600,2600,3600,4600,5600,7100,41000,112000,117000
GET,/slow,615517,141472,2800.0,2552.9459227842426,0.38511700404342264,123905.1179800008,6.161233564629409,34.01553837008283,7.818218252773454,2800,2900,2900,2900,3800,4700,5900,7400,42000,110000,124000
,Aggregated,2462847,822594,2500.0,2404.8707674202124,0.36893000651616603,123905.1179800008,4.133196256202679,136.1052036388002,45.459309442306086,2500,2600,2700,2800,3600,4600,5700,7100,41000,111000,124000
