Type,Name,Request Count,Failure Count,Median Response Time,Average Response Time,Min Response Time,Max Response Time,Average Content Size,Requests/s,Failures/s,50%,66%,75%,80%,90%,95%,98%,99%,99.9%,99.99%,100%
GET,/,11121,227,2500.0,1903.7559993157072,592.8447369951755,3645.4883990008966,3.3878248358960525,22.084659469813452,0.4507883913000318,2500,2500,2500,2600,2600,2600,2600,2600,2600,2700,3600
GET,/404-generator,2225,2225,2500.0,1902.605725114181,624.1009570003371,2647.315847003483,10.0,4.418520575517933,4.418520575517933,2500,2500,2500,2500,2600,2600,2600,2600,2600,2600,2600
GET,/slow,4576,0,2700.0,2153.4589959486552,818.4101570004714,3916.8577909949818,8.0,9.087258495986545,0.0,2700,2800,2800,2800,2900,2900,2900,2900,3000,3900,3900
,Aggregated,17922,2452,2500.0,1967.3695219411993,592.8447369951755,3916.8577909949818,5.386340810177436,35.59043854131793,4.8693089668179645,2500,2500,2600,2600,2700,2800,2900,2900,3000,3600,3900
