Type,Name,Request Count,Failure Count,Median Response Time,Average Response Time,Min Response Time,Max Response Time,Average Content Size,Requests/s,Failures/s,50%,66%,75%,80%,90%,95%,98%,99%,99.9%,99.99%,100%
GET,/,224323,77474,2500.0,2505.063464514076,0.44974499905947596,113992.90255300002,2.2510531688681055,79.14659537320757,27.334706338377625,2500,2600,2600,2700,4100,5300,7900,14000,67000,112000,114000
GET,/404-generator,44687,44687,2500.0,2521.7562443790325,0.48088000039570034,112960.1796749921,6.654955579922572,15.766657486938598,15.766657486938598,2500,2600,2600,2700,4100,5400,8400,15000,77000,112000,113000
GET,/slow,89534,30026,2800.0,2681.7179519493075,0.422617988078855,113940.84991600539,5.316952219268658,31.589766854690634,10.59390108315211,2800,2900,2900,3000,4400,5600,8300,15000,78000,112000,114000
,Aggregated,358544,152187,2500.0,2551.257329512082,0.422617988078855,113992.90255300002,3.5655344950689454,126.50301971483681,53.69526490846833,2500,2600,2800,2900,4200,5400,8100,15000,70000,112000,114000
