Type,Name,Request Count,Failure Count,Median Response Time,Average Response Time,Min Response Time,Max Response Time,Average Content Size,Requests/s,Failures/s,50%,66%,75%,80%,90%,95%,98%,99%,99.9%,99.99%,100%
GET,/,1569065,289250,2600.0,2477.6952067029183,0.38748199949623086,120014.45001699994,2.8104463486216313,81.93100576745256,15.10360846633865,2600,2600,2700,2900,3600,4200,5200,6200,46000,105000,120000
GET,/404-generator,314037,314037,2600.0,2482.1446636327782,0.4368249992694473,142527.5782360004,8.320134251696457,16.397897638525812,16.397897638525812,2600,2600,2700,2900,3600,4200,5200,6200,47000,108000,143000
GET,/slow,627706,105050,2800.0,2694.2219492234494,0.40391400034422986,118624.16312000004,6.661092932041433,32.77657962306506,5.485338182848316,2800,2900,3000,3200,3900,4500,5500,6500,47000,105000,119000
,Aggregated,2510808,708337,2600.0,2532.383749015377,0.38748199949623086,142527.5782360004,4.462233273113675,131.10548302904343,36.98684428771278,2600,2800,2900,3000,3700,4300,5300,6300,46000,105000,143000
