Type,Name,Request Count,Failure Count,Median Response Time,Average Response Time,Min Response Time,Max Response Time,Average Content Size,Requests/s,Failures/s,50%,66%,75%,80%,90%,95%,98%,99%,99.9%,99.99%,100%
GET,/,2017216,264261,2600.0,2749.311045984387,0.3898350005329121,120645.56320300107,2.9972209223008344,82.62220090669933,10.823741946229493,2600,2600,2600,2700,3700,4600,5900,8100,60000,108000,121000
GET,/404-generator,403038,403038,2600.0,2748.421777609068,0.39277199903153814,118314.7999219982,8.865317910469981,16.50784378521402,16.50784378521402,2600,2600,2600,2700,3700,4600,5900,8100,61000,110000,118000
GET,/slow,807565,92691,2800.0,2969.624460953099,0.3718899988598423,201159.52916899914,7.081743265247999,33.07667482075229,3.7964870515814213,2800,2900,2900,3000,3900,4900,6200,8300,60000,108000,201000
,Aggregated,3227819,759990,2600.0,2804.3200145828523,0.3718899988598423,201159.52916899914,4.751837076366426,132.20671951266564,31.128072783024937,2600,2700,2800,2900,3700,4600,6000,8200,60000,109000,201000
