Type,Name,Request Count,Failure Count,Median Response Time,Average Response Time,Min Response Time,Max Response Time,Average Content Size,Requests/s,Failures/s,50%,66%,75%,80%,90%,95%,98%,99%,99.9%,99.99%,100%
GET,/,817,22,1000.0,1016.2848553343774,656.4364910009317,1288.5563589952653,3.511627906976744,13.840450989276338,0.37269268269777167,1000,1100,1100,1100,1200,1200,1200,1200,1300,1300,1300
GET,/404-generator,193,193,1000.0,1033.3659353103083,728.887482007849,1254.2854259954765,10.0,3.269531261848633,3.269531261848633,1000,1100,1100,1100,1200,1200,1200,1200,1300,1300,1300
GET,/slow,353,0,1300.0,1281.8328464816725,887.4776640004711,1660.5928899953142,8.0,5.980023499650609,0.0,1300,1300,1400,1400,1400,1500,1500,1600,1700,1700,1700
,Aggregated,1363,215,1100.0,1087.4771438966293,656.4364910009317,1660.5928899953142,5.592809977989728,23.09000575077558,3.6422239445464046,1100,1100,1200,1200,1300,1400,1500,1500,1600,1700,1700
