Type,Name,Request Count,Failure Count,Median Response Time,Average Response Time,Min Response Time,Max Response Time,Average Content Size,Requests/s,Failures/s,50%,66%,75%,80%,90%,95%,98%,99%,99.9%,99.99%,100%
GET,/,240326,10995,2500.0,2504.5214569052678,0.395333998312708,8934.662312996807,3.2772525652655142,95.24547510070781,4.357514371030526,2500,2600,2600,2600,2600,2700,3600,3800,5000,6900,8900
GET,/404-generator,48619,48619,2500.0,2502.792986245585,0.47465200259466656,12592.919440001424,9.726033032353607,19.268575825842035,19.268575825842035,2500,2600,2600,2600,2600,2700,3600,3800,5000,6400,13000
GET,/slow,95981,2585,2800.0,2747.628790696318,0.4388529996504076,11854.438823000237,7.784540690344964,38.03898015878863,1.0244815506242757,2800,2900,2900,2900,2900,3000,3900,4000,5300,6700,12000
,Aggregated,384926,62199,2600.0,2564.921763690547,0.395333998312708,12592.919440001424,5.215670024887901,152.55303108533846,24.650571747496837,2600,2600,2700,2700,2900,2900,3600,3900,5100,6800,13000
