Type,Name,Request Count,Failure Count,Median Response Time,Average Response Time,Min Response Time,Max Response Time,Average Content Size,Requests/s,Failures/s,50%,66%,75%,80%,90%,95%,98%,99%,99.9%,99.99%,100%
GET,/,4047,327,1000.0,948.7514974118575,0.49831900105345994,1310.1236160000553,3.2142327650111193,15.550310289429648,1.2564742932155906,1000,1100,1100,1100,1200,1200,1200,1200,1300,1300,1300
GET,/404-generator,780,780,1000.0,949.6342733076699,0.6454780013882555,1269.868169001711,9.346153846153847,2.997094644367464,2.997094644367464,1000,1100,1100,1100,1200,1200,1200,1200,1300,1300,1300
GET,/slow,1600,114,1300.0,1169.0745032469206,0.5644980010401923,1612.7598589991976,7.43,6.147886449984541,0.43803690956139857,1300,1300,1400,1400,1500,1500,1500,1600,1600,1600,1600
,Aggregated,6427,1221,1100.0,1003.7079894820043,0.49831900105345994,1612.7598589991976,5.0079352730667495,24.695291383781655,4.691605847144453,1100,1100,1200,1200,1300,1400,1500,1500,1600,1600,1600
