Type,Name,Request Count,Failure Count,Median Response Time,Average Response Time,Min Response Time,Max Response Time,Average Content Size,Requests/s,Failures/s,50%,66%,75%,80%,90%,95%,98%,99%,99.9%,99.99%,100%
GET,/,1715012,434123,2500.0,2333.234964379202,0.3724630078068003,123893.2351990079,2.5719994962134374,85.49855836380867,21.64235040487863,2500,2600,2600,2600,3600,4600,5600,7100,42000,111000,124000
GET,/404-generator,341507,341507,2500.0,2337.8023982392906,0.36893000651616603,117273.11488799751,7.623650466901117,17.02516143977372,17.02516143977372,2500,2600,2600,2600,3600,4600,5600,7100,42000,112000,117000
GET,/slow,685422,164881,2800.0,2528.250380717051,0.3609970008255914,123905.1179800008,6.075544700928771,34.17036899499156,8.219818754377892,2800,2900,2900,2900,3800,4700,5900,7400,43000,111000,124000
,Aggregated,2741941,940511,2500.0,2382.553190895576,0.3609970008255914,123905.1179800008,4.076984880418652,136.69408879857394,46.88733059903024,2500,2600,2700,2800,3600,4600,5700,7200,42000,111000,124000
