Type,Name,Request Count,Failure Count,Median Response Time,Average Response Time,Min Response Time,Max Response Time,Average Content Size,Requests/s,Failures/s,50%,66%,75%,80%,90%,95%,98%,99%,99.9%,99.99%,100%
GET,/,280889,93682,2500.0,2532.3698113084015,0.44413299474399537,113992.90255300002,2.2918768623904815,80.22578792132204,26.756876431776575,2500,2600,2600,2700,4100,5400,7900,14000,65000,112000,114000
GET,/404-generator,55871,55871,2500.0,2542.496299939525,0.4519930080277845,112960.1796749921,6.780798625404951,15.957531255948732,15.957531255948732,2500,2600,2600,2700,4100,5400,8100,15000,69000,112000,113000
GET,/slow,112158,36232,2800.0,2719.1907627494056,0.422617988078855,113940.84991600539,5.415503129513722,32.0338778723255,10.348360911126244,2800,2900,2900,3000,4500,5700,8300,15000,66000,112000,114000
,Aggregated,448918,185785,2600.0,2580.3056065271903,0.422617988078855,113992.90255300002,3.630963784031828,128.21719704959625,53.062768598851555,2600,2600,2800,3000,4300,5500,8000,14000,66000,112000,114000
