Type,Name,Request Count,Failure Count,Median Response Time,Average Response Time,Min Response Time,Max Response Time,Average Content Size,Requests/s,Failures/s,50%,66%,75%,80%,90%,95%,98%,99%,99.9%,99.99%,100%
GET,/,28078,602,2500.0,2307.10042217763,620.3379560000712,3963.374746999989,3.40736519695135,31.328055531015305,0.6716820795523618,2500,2600,2600,2600,2600,2600,2600,2600,2700,3800,4000
GET,/404-generator,5658,5658,2500.0,2307.820548000891,665.3988729999583,3740.7846730000074,10.0,6.312918947022031,6.312918947022031,2500,2600,2600,2600,2600,2600,2600,2600,2800,3700,3700
GET,/slow,11168,0,2800.0,2565.4264251701393,782.632260000014,4148.514241000157,8.0,12.460706751562752,0.0,2800,2800,2900,2900,2900,2900,2900,3000,3000,4000,4100
,Aggregated,44904,6260,2500.0,2371.4389949846864,620.3379560000712,4148.514241000157,5.380277926242651,50.10168122960009,6.984601026574393,2500,2600,2600,2700,2800,2900,2900,2900,3000,3900,4100
